evidence_id,control_id,system_id,system_name,evidence_type,evidence_description,evidence_path,uploaded_by,upload_timestamp,assessment_period_start,assessment_period_end,status,reviewer,review_timestamp,review_notes
ac6efce0-4133-47a8-8395-e94983e21bc9,CM-8,30c2e586-8a39-474b-a1b9-7bf7908bfeab,Marketing Analytics Engine,Vulnerability Scan,Vulnerability assessment report,/evidence/marketing_analytics_engine/CM-8_vulnerability_scan_20251205.pdf,michael.miller@nvidia-demo.com,2025-12-02T17:24:00,2025-11-02,2026-11-02,Accepted,security.manager@nvidia-demo.com,2025-12-09T09:24:00,Evidence meets control requirements
b15cda47-b600-4705-8e2b-2a1c7f3e4d09,AU-6,faef293a-1395-4a03-b4c4-fc7d3fa45ac7,Marketing Portal,Vulnerability Scan,Vulnerability assessment report,/evidence/marketing_portal/AU-6_vulnerability_scan_20251205.pdf,michael.clark@nvidia-demo.com,2025-09-25T11:46:00,2025-08-26,2026-08-26,Pending Review,,,
ea359808-9cd5-4d37-b3b8-1583a882c753,IR-4,0ee7e6ee-32ef-4c0f-94d5-9aa47765a0e2,Vendor Application,Penetration Test Report,Security testing results,/evidence/vendor_application/IR-4_penetration_test_report_20251205.pdf,christopher.walker@nvidia-demo.com,2025-11-25T09:02:00,2025-11-12,2026-11-12,Pending Review,,,
57dc0db7-c952-4b20-94a5-337ee18a13d4,CP-2,a27f9bf8-283e-478b-941f-87fcec50418e,HR Service,Policy Document,Formal policy or procedure document,/evidence/hr_service/CP-2_policy_document_20251205.pdf,david.rodriguez@nvidia-demo.com,2024-08-21T13:04:00,2024-08-03,2025-08-03,Expired,security.manager@nvidia-demo.com,2024-09-05T04:04:00,Evidence validity period has passed
9a6d6f09-5c56-48bf-b699-bad8d6460393,CA-7,8b4bf183-88dc-45db-861d-5624ff61a7f7,Inventory SCM,Vendor Assessment,Third-party vendor security assessment,/evidence/inventory_scm/CA-7_vendor_assessment_20251205.pdf,michelle.anderson@nvidia-demo.com,2025-11-08T13:09:00,2025-10-16,2026-10-16,Pending Review,,,
81197f32-9435-4b6f-b8e5-3dc6b2efcd09,IA-8,379aad25-1450-4f4a-8051-11d6f4f6b15b,Sales CRM,Configuration Export,System configuration file or export,/evidence/sales_crm/IA-8_configuration_export_20251205.json,jennifer.walker@nvidia-demo.com,2025-08-19T16:50:00,2025-07-26,2026-07-26,Accepted,compliance.lead@nvidia-demo.com,2025-08-27T02:50:00,Documentation complete and current
8f1b2d6a-6f4b-4fb9-92ed-cbe9ca8bfb16,CP-3,bc2af3a9-9a8b-478a-bc25-dc9140bf39a7,Customer ERP,Business Continuity Plan,BCP/DR documentation,/evidence/customer_erp/CP-3_business_continuity_plan_20251205.pdf,audit.team@nvidia-demo.com,2025-11-29T18:25:00,2025-11-22,2026-11-22,Pending Review,,,
9d781c62-dde8-4bab-bf56-00fbbd223c2d,CP-9,c3fb88ca-874a-4876-8f59-7eb35752c832,HR Dashboard,Access Review Report,Periodic access review documentation,/evidence/hr_dashboard/CP-9_access_review_report_20251205.xlsx,audit.team@nvidia-demo.com,2025-11-29T17:10:00,2025-11-02,2026-11-02,Rejected,audit.manager@nvidia-demo.com,2025-12-11T11:10:00,Evidence is for incorrect system
5d511348-499e-40f5-b4e1-548f99367b70,AC-7,6ad86b83-e43c-4db4-959a-1a9e70b4736e,Partner HRIS,Encryption Certificate,Certificate or key management documentation,/evidence/partner_hris/AC-7_encryption_certificate_20251205.pem,robert.smith@nvidia-demo.com,2025-11-16T18:21:00,2025-10-24,2026-10-24,Accepted,compliance.lead@nvidia-demo.com,2025-11-28T04:21:00,Evidence clearly demonstrates control effectiveness
e64569b3-b6e6-4813-b2de-a9e640b53f1a,PS-7,3168f778-3168-4598-8d4a-368d44741ed2,Supply Chain SCM,Audit Log,System audit log or access log,/evidence/supply_chain_scm/PS-7_audit_log_20251205.csv,michael.brown@nvidia-demo.com,2025-11-18T15:02:00,2025-11-04,2026-11-04,Accepted,audit.manager@nvidia-demo.com,2025-11-27T01:02:00,Documentation complete and current
043d7a06-adac-4c34-a6e2-56ef39f9deda,AC-19,7e54a667-791f-4c28-aa84-f54bb484d403,Employee Dashboard,Configuration Export,System configuration file or export,/evidence/employee_dashboard/AC-19_configuration_export_20251205.json,risk.mgmt@nvidia-demo.com,2025-08-23T17:16:00,2025-08-12,2026-08-12,Accepted,security.manager@nvidia-demo.com,2025-09-03T07:16:00,All required artifacts present
fda34d72-8456-4d2b-a725-45ba33661dd9,SC-5,faef293a-1395-4a03-b4c4-fc7d3fa45ac7,Marketing Portal,Change Management Ticket,Change request and approval documentation,/evidence/marketing_portal/SC-5_change_management_ticket_20251205.pdf,security.ops@nvidia-demo.com,2025-10-14T15:15:00,2025-09-14,2026-09-14,Accepted,audit.manager@nvidia-demo.com,2025-10-27T02:15:00,Evidence validated against control objectives
df53913a-14f6-4fc4-90d5-7b5c06c98b5d,MP-4,ee0c4aa1-a2f8-495a-9cbf-30d373ad195e,Supply Chain CRM,Change Management Ticket,Change request and approval documentation,/evidence/supply_chain_crm/MP-4_change_management_ticket_20251205.pdf,kimberly.thomas@nvidia-demo.com,2025-09-17T11:08:00,2025-09-11,2026-09-11,Rejected,grc.director@nvidia-demo.com,2025-09-22T04:08:00,Unable to verify control implementation from evidence
112f901c-b783-418c-a623-e8a8687993d9,CM-3,c3d4d0eb-eb22-4191-9727-9dafc6d9b32d,Marketing ERP,Business Continuity Plan,BCP/DR documentation,/evidence/marketing_erp/CM-3_business_continuity_plan_20251205.pdf,jessica.thomas@nvidia-demo.com,2025-09-13T14:47:00,2025-08-18,2026-08-18,Accepted,audit.manager@nvidia-demo.com,2025-09-26T00:47:00,Evidence clearly demonstrates control effectiveness
7f3c68a9-ab32-4497-8ac5-82fce0289768,IA-11,0ee7e6ee-32ef-4c0f-94d5-9aa47765a0e2,Vendor Application,Vulnerability Scan,Vulnerability assessment report,/evidence/vendor_application/IA-11_vulnerability_scan_20251205.pdf,christopher.walker@nvidia-demo.com,2025-08-04T08:21:00,2025-07-19,2026-07-19,Pending Review,,,
fc112823-5f5d-4a5f-81a9-91802d479667,CM-3,80524a38-6d27-495d-9f01-7363cf9583a8,Supply Chain Dashboard,Incident Report,Security incident documentation,/evidence/supply_chain_dashboard/CM-3_incident_report_20251205.pdf,grc.team@nvidia-demo.com,2025-11-23T10:49:00,2025-11-13,2026-11-13,Accepted,security.manager@nvidia-demo.com,2025-12-04T20:49:00,Documentation complete and current
e4e76a28-560b-4d90-9eab-15a6c0e781ad,SR-8,647c289b-d1b9-4fd2-a6d1-44bf292ddf52,HR ERP,Risk Assessment,Risk assessment documentation,/evidence/hr_erp/SR-8_risk_assessment_20251205.xlsx,emily.thompson@nvidia-demo.com,2025-09-21T18:16:00,2025-09-11,2026-09-11,Accepted,compliance.lead@nvidia-demo.com,2025-09-23T11:16:00,All required artifacts present
eabca785-505b-4d4f-be58-f4ebadf48a3e,CM-3,64d1a9b3-77cd-4f3a-a35e-14e069f58fd0,Customer Warehouse,Audit Log,System audit log or access log,/evidence/customer_warehouse/CM-3_audit_log_20251205.csv,ashley.walker@nvidia-demo.com,2025-10-03T11:44:00,2025-09-28,2026-09-28,Pending Review,,,
db1bacef-88d1-4069-8e1b-40be206b4100,IR-4,8b4bf183-88dc-45db-861d-5624ff61a7f7,Inventory SCM,Business Continuity Plan,BCP/DR documentation,/evidence/inventory_scm/IR-4_business_continuity_plan_20251205.pdf,risk.mgmt@nvidia-demo.com,2025-11-17T14:11:00,2025-11-15,2026-11-15,Accepted,audit.manager@nvidia-demo.com,2025-11-29T23:11:00,All required artifacts present
6a92e45f-a52b-4af5-8ae3-810de751ece4,AC-4,cb5fcd79-c7c1-4520-b934-61da025a892c,HR Application,Screenshot,Screen capture showing control implementation,/evidence/hr_application/AC-4_screenshot_20251205.png,it.admin@nvidia-demo.com,2025-11-15T15:23:00,2025-11-09,2026-11-09,Accepted,compliance.lead@nvidia-demo.com,2025-11-26T08:23:00,Evidence validated against control objectives
11b9d8cb-53b4-4d80-b15c-0be150fe93c1,MP-3,0c71c16f-b2fb-4a5f-aa37-f76a0d3c89a7,HR CRM,Change Management Ticket,Change request and approval documentation,/evidence/hr_crm/MP-3_change_management_ticket_20251205.pdf,james.davis@nvidia-demo.com,2025-09-22T13:39:00,2025-08-26,2026-08-26,Accepted,security.manager@nvidia-demo.com,2025-10-01T04:39:00,Evidence clearly demonstrates control effectiveness
17d7ffcc-6f87-4b66-9ebf-d2cbfce84515,AT-2,b8bf9e72-6bb0-44d2-81fd-1bb862602359,Partner SCM,Access Review Report,Periodic access review documentation,/evidence/partner_scm/AT-2_access_review_report_20251205.xlsx,nicole.jones@nvidia-demo.com,2025-07-07T09:23:00,2025-06-24,2026-06-24,Accepted,grc.director@nvidia-demo.com,2025-07-08T20:23:00,Evidence validated against control objectives
3b997c4f-fe7a-4622-9d62-addf0afde1a5,CM-4,2cc7baf4-2c43-498d-87bb-f18e50ed4914,Engineering Dashboard,Training Records,Employee training completion records,/evidence/engineering_dashboard/CM-4_training_records_20251205.xlsx,david.williams@nvidia-demo.com,2025-10-22T16:18:00,2025-09-29,2026-09-29,Accepted,senior.auditor@nvidia-demo.com,2025-10-25T03:18:00,All required artifacts present
fa8befbd-f798-4b10-9794-f204240e384b,AU-7,7329b64e-aed4-4f7e-870a-8f8837906a8f,Reporting Integration Hub,Vulnerability Scan,Vulnerability assessment report,/evidence/reporting_integration_hub/AU-7_vulnerability_scan_20251205.pdf,jennifer.anderson@nvidia-demo.com,2024-11-02T09:39:00,2024-10-14,2025-10-14,Expired,security.manager@nvidia-demo.com,2024-11-06T21:39:00,Evidence validity period has passed
f2379e10-3c7c-48d3-97b1-2979840caf1e,SR-1,0ee7e6ee-32ef-4c0f-94d5-9aa47765a0e2,Vendor Application,Encryption Certificate,Certificate or key management documentation,/evidence/vendor_application/SR-1_encryption_certificate_20251205.pem,it.admin@nvidia-demo.com,2025-08-28T10:39:00,2025-08-25,2026-08-25,Accepted,grc.director@nvidia-demo.com,2025-09-01T21:39:00,Evidence validated against control objectives
419ca4a5-90c2-41f9-b65a-6850fb5737d9,SC-21,3168f778-3168-4598-8d4a-368d44741ed2,Supply Chain SCM,Change Management Ticket,Change request and approval documentation,/evidence/supply_chain_scm/SC-21_change_management_ticket_20251205.pdf,michael.brown@nvidia-demo.com,2025-11-12T16:55:00,2025-11-06,2026-11-06,Pending Review,,,
b775f203-0ec7-4da4-9a12-5d51be3c0c09,CP-1,80524a38-6d27-495d-9f01-7363cf9583a8,Supply Chain Dashboard,Vulnerability Scan,Vulnerability assessment report,/evidence/supply_chain_dashboard/CP-1_vulnerability_scan_20251205.pdf,jessica.clark@nvidia-demo.com,2025-06-29T08:40:00,2025-06-26,2026-06-26,Pending Review,,,
701a2467-4ff1-402f-b932-b61712cf46c0,SR-11,21f3b876-c37e-421e-8c20-68ad6e764bde,Supply Chain Application,Encryption Certificate,Certificate or key management documentation,/evidence/supply_chain_application/SR-11_encryption_certificate_20251205.pem,thomas.thomas@nvidia-demo.com,2025-10-26T09:20:00,2025-10-17,2026-10-17,Rejected,compliance.lead@nvidia-demo.com,2025-10-29T22:20:00,Evidence quality insufficient for audit purposes
093641f1-86bf-4b46-a092-00b2b03ee606,SC-5,faef293a-1395-4a03-b4c4-fc7d3fa45ac7,Marketing Portal,Training Records,Employee training completion records,/evidence/marketing_portal/SC-5_training_records_20251205.xlsx,michael.clark@nvidia-demo.com,2025-12-07T15:07:00,2025-11-29,2026-11-29,Pending Review,,,
78238936-7181-4bb0-847a-0b2bd6eedb5b,PE-5,0c71c16f-b2fb-4a5f-aa37-f76a0d3c89a7,HR CRM,Vendor Assessment,Third-party vendor security assessment,/evidence/hr_crm/PE-5_vendor_assessment_20251205.pdf,james.davis@nvidia-demo.com,2025-07-10T12:32:00,2025-07-01,2026-07-01,Accepted,audit.manager@nvidia-demo.com,2025-07-12T22:32:00,Evidence validated against control objectives
380d2276-40bd-47ff-ba6b-ff5e2e68629c,IA-12,9a0a2181-bb32-408a-b776-a5abba0b3ec6,Sales Portal,Policy Document,Formal policy or procedure document,/evidence/sales_portal/IA-12_policy_document_20251205.pdf,ashley.robinson@nvidia-demo.com,2025-11-12T15:30:00,2025-10-13,2026-10-13,Accepted,security.manager@nvidia-demo.com,2025-11-20T06:30:00,All required artifacts present
ef74c852-948d-433c-8a2d-a8bcf1068be1,PM-3,a27f9bf8-283e-478b-941f-87fcec50418e,HR Service,Business Continuity Plan,BCP/DR documentation,/evidence/hr_service/PM-3_business_continuity_plan_20251205.pdf,david.rodriguez@nvidia-demo.com,2025-09-17T14:18:00,2025-09-02,2026-09-02,Pending Review,,,
8b95375d-5b13-417e-97eb-84b2ec9bf6b3,SA-5,a67f9520-6f1a-49ed-9699-dbe2914a7e95,Reporting API Gateway,Audit Log,System audit log or access log,/evidence/reporting_api_gateway/SA-5_audit_log_20251205.csv,ashley.smith@nvidia-demo.com,2025-07-29T09:35:00,2025-07-18,2026-07-18,Accepted,security.manager@nvidia-demo.com,2025-07-31T01:35:00,All required artifacts present
f0ea70e5-c7bc-4455-a643-75591ed80bb0,IA-4,cb5fcd79-c7c1-4520-b934-61da025a892c,HR Application,Vendor Assessment,Third-party vendor security assessment,/evidence/hr_application/IA-4_vendor_assessment_20251205.pdf,jessica.clark@nvidia-demo.com,2025-12-04T13:35:00,2025-11-12,2026-11-12,Pending Review,,,
a72d2357-0c6e-48d4-9f33-86f5fd1d414f,AT-3,c43fdb27-5832-421f-872a-aa0121059921,Partner API Gateway,Encryption Certificate,Certificate or key management documentation,/evidence/partner_api_gateway/AT-3_encryption_certificate_20251205.pem,grc.team@nvidia-demo.com,2025-07-05T08:15:00,2025-06-13,2026-06-13,Accepted,security.manager@nvidia-demo.com,2025-07-19T16:15:00,Evidence validated against control objectives
41dd55c3-1e3a-4b56-b46e-5788b48b852b,MA-6,3168f778-3168-4598-8d4a-368d44741ed2,Supply Chain SCM,Incident Report,Security incident documentation,/evidence/supply_chain_scm/MA-6_incident_report_20251205.pdf,it.admin@nvidia-demo.com,2025-11-22T11:03:00,2025-11-02,2026-11-02,Rejected,senior.auditor@nvidia-demo.com,2025-11-30T00:03:00,Evidence is for incorrect system
7feb8465-8818-4663-8adf-95a2b9dd2ca3,MP-6,0a057262-509c-4828-b604-c02f0085a7bf,Financial ERP,Risk Assessment,Risk assessment documentation,/evidence/financial_erp/MP-6_risk_assessment_20251205.xlsx,grc.team@nvidia-demo.com,2025-07-04T17:46:00,2025-06-11,2026-06-11,Pending Review,,,
1fed88c5-5ed9-4240-b3f5-1079b31cebfc,AC-7,7329b64e-aed4-4f7e-870a-8f8837906a8f,Reporting Integration Hub,Change Management Ticket,Change request and approval documentation,/evidence/reporting_integration_hub/AC-7_change_management_ticket_20251205.pdf,jennifer.anderson@nvidia-demo.com,2025-12-29T16:02:00,2025-11-29,2026-11-29,Accepted,security.manager@nvidia-demo.com,2026-01-04T07:02:00,Documentation complete and current
04d45fc8-5d7a-4bd4-81c2-9ad7de86aaec,SR-12,74d84c27-f092-4709-a5df-625cfdad6495,Partner Data Platform,Change Management Ticket,Change request and approval documentation,/evidence/partner_data_platform/SR-12_change_management_ticket_20251205.pdf,grc.team@nvidia-demo.com,2025-07-11T13:40:00,2025-06-27,2026-06-27,Accepted,compliance.lead@nvidia-demo.com,2025-07-20T01:40:00,Evidence clearly demonstrates control effectiveness
458b4ec6-bfd8-4f55-87aa-2239f42e2ed3,PM-1,ee0c4aa1-a2f8-495a-9cbf-30d373ad195e,Supply Chain CRM,Change Management Ticket,Change request and approval documentation,/evidence/supply_chain_crm/PM-1_change_management_ticket_20251205.pdf,kimberly.thomas@nvidia-demo.com,2025-08-19T11:43:00,2025-07-29,2026-07-29,Accepted,grc.director@nvidia-demo.com,2025-09-02T19:43:00,All required artifacts present
e94c1593-45ec-4cf3-a4aa-0585d44d2e64,PE-13,30c2e586-8a39-474b-a1b9-7bf7908bfeab,Marketing Analytics Engine,Policy Document,Formal policy or procedure document,/evidence/marketing_analytics_engine/PE-13_policy_document_20251205.pdf,it.admin@nvidia-demo.com,2025-10-18T18:00:00,2025-10-14,2026-10-14,Accepted,senior.auditor@nvidia-demo.com,2025-10-29T10:00:00,Evidence clearly demonstrates control effectiveness
d26b2bac-6e7e-41a4-bbbb-a57ca84cde8f,PS-3,7329b64e-aed4-4f7e-870a-8f8837906a8f,Reporting Integration Hub,Encryption Certificate,Certificate or key management documentation,/evidence/reporting_integration_hub/PS-3_encryption_certificate_20251205.pem,jennifer.anderson@nvidia-demo.com,2025-06-27T08:02:00,2025-06-27,2026-06-27,Pending Review,,,
39b17bb9-5c10-428c-bdeb-0d05b67ec8f2,AU-12,c5d69f43-ffdd-4623-8b26-34c5af6dc0fd,Partner Application,Incident Report,Security incident documentation,/evidence/partner_application/AU-12_incident_report_20251205.pdf,ashley.walker@nvidia-demo.com,2025-09-16T17:46:00,2025-08-30,2026-08-30,Pending Review,,,
62ebc450-c0ca-4914-95a0-5f85900fdb4b,PL-1,7e54a667-791f-4c28-aa84-f54bb484d403,Employee Dashboard,Policy Document,Formal policy or procedure document,/evidence/employee_dashboard/PL-1_policy_document_20251205.pdf,michelle.miller@nvidia-demo.com,2025-08-11T16:10:00,2025-08-05,2026-08-05,Accepted,security.manager@nvidia-demo.com,2025-08-24T04:10:00,Evidence meets control requirements
7e68de0e-8f14-415b-8fef-632680d9dbfc,PS-7,c5be7264-f015-46c3-89de-125a5991e0b3,Analytics Integration Hub,Access Review Report,Periodic access review documentation,/evidence/analytics_integration_hub/PS-7_access_review_report_20251205.xlsx,christopher.walker@nvidia-demo.com,2025-12-05T13:00:00,2025-11-18,2026-11-18,Accepted,security.manager@nvidia-demo.com,2025-12-16T02:00:00,Evidence clearly demonstrates control effectiveness
49446387-8ea6-4d35-b23f-1f205836a39b,SC-18,d1399a8b-afb9-4c7e-8cf3-e12039305eaa,Security Database,Training Records,Employee training completion records,/evidence/security_database/SC-18_training_records_20251205.xlsx,nicole.clark@nvidia-demo.com,2025-10-03T12:42:00,2025-09-20,2026-09-20,Accepted,compliance.lead@nvidia-demo.com,2025-10-18T00:42:00,Evidence validated against control objectives
6bf82203-b528-4e57-8b6b-1773c9710904,SI-5,c5d69f43-ffdd-4623-8b26-34c5af6dc0fd,Partner Application,Vendor Assessment,Third-party vendor security assessment,/evidence/partner_application/SI-5_vendor_assessment_20251205.pdf,ashley.walker@nvidia-demo.com,2025-12-11T09:02:00,2025-12-03,2026-12-03,Rejected,audit.manager@nvidia-demo.com,2025-12-20T21:02:00,Evidence is for incorrect system
8443e306-5715-4643-89ec-d65776a096be,IR-6,1e6cd834-81f6-4239-b589-2d3bb1c7475b,Legal Warehouse,Vendor Assessment,Third-party vendor security assessment,/evidence/legal_warehouse/IR-6_vendor_assessment_20251205.pdf,nicole.jones@nvidia-demo.com,2025-09-10T13:22:00,2025-08-18,2026-08-18,Accepted,senior.auditor@nvidia-demo.com,2025-09-13T05:22:00,Evidence clearly demonstrates control effectiveness
9fedfcd6-7cc9-441d-bb22-52bb0d776773,SC-20,3168f778-3168-4598-8d4a-368d44741ed2,Supply Chain SCM,Training Records,Employee training completion records,/evidence/supply_chain_scm/SC-20_training_records_20251205.xlsx,risk.mgmt@nvidia-demo.com,2025-07-11T13:07:00,2025-07-07,2026-07-07,Accepted,grc.director@nvidia-demo.com,2025-07-16T06:07:00,Documentation complete and current
e0c251ee-b465-449e-962e-c1310d72ee66,PM-11,64d1a9b3-77cd-4f3a-a35e-14e069f58fd0,Customer Warehouse,Access Review Report,Periodic access review documentation,/evidence/customer_warehouse/PM-11_access_review_report_20251205.xlsx,risk.mgmt@nvidia-demo.com,2025-09-02T10:25:00,2025-08-18,2026-08-18,Pending Review,,,
5ba4cada-814c-496c-8a45-25f5a4a5c36c,AT-1,ab3f8dfe-b4de-40c1-a6f2-02f2ccc808a5,Customer Integration Hub,Access Review Report,Periodic access review documentation,/evidence/customer_integration_hub/AT-1_access_review_report_20251205.xlsx,michelle.lewis@nvidia-demo.com,2025-09-24T13:34:00,2025-09-10,2026-09-10,Rejected,security.manager@nvidia-demo.com,2025-10-09T03:34:00,Missing required details or timestamps
79d62fbb-6bfe-4689-aab9-99f3529979ab,SI-2,b21b50e2-5477-48fe-9624-1033b474b0f7,Analytics HRIS,Business Continuity Plan,BCP/DR documentation,/evidence/analytics_hris/SI-2_business_continuity_plan_20251205.pdf,nicole.taylor@nvidia-demo.com,2025-12-07T14:26:00,2025-11-10,2026-11-10,Rejected,audit.manager@nvidia-demo.com,2025-12-17T06:26:00,Documentation is outdated
06f5319b-5d81-4003-bce6-0078214e1c67,PE-4,ae37b0c6-224c-4929-b490-017ca050e755,Legal HRIS,Configuration Export,System configuration file or export,/evidence/legal_hris/PE-4_configuration_export_20251205.json,audit.team@nvidia-demo.com,2025-12-13T17:16:00,2025-11-17,2026-11-17,Accepted,grc.director@nvidia-demo.com,2025-12-15T05:16:00,All required artifacts present
c44f5eae-eb2c-4f1a-ac89-b7e45b62a917,SA-4,30c2e586-8a39-474b-a1b9-7bf7908bfeab,Marketing Analytics Engine,Business Continuity Plan,BCP/DR documentation,/evidence/marketing_analytics_engine/SA-4_business_continuity_plan_20251205.pdf,michael.miller@nvidia-demo.com,2025-11-16T13:30:00,2025-11-10,2026-11-10,Accepted,compliance.lead@nvidia-demo.com,2025-11-20T07:30:00,Evidence meets control requirements
a32532ba-1590-4df7-afd7-eb214c4dfb8c,SI-16,0c71c16f-b2fb-4a5f-aa37-f76a0d3c89a7,HR CRM,Vendor Assessment,Third-party vendor security assessment,/evidence/hr_crm/SI-16_vendor_assessment_20251205.pdf,james.davis@nvidia-demo.com,2025-09-16T15:00:00,2025-08-29,2026-08-29,Pending Review,,,
bb2e9e68-5e03-4636-8abd-c07c7a49fe5e,PM-2,ab3f8dfe-b4de-40c1-a6f2-02f2ccc808a5,Customer Integration Hub,Encryption Certificate,Certificate or key management documentation,/evidence/customer_integration_hub/PM-2_encryption_certificate_20251205.pem,it.admin@nvidia-demo.com,2025-10-05T12:38:00,2025-09-20,2026-09-20,Accepted,security.manager@nvidia-demo.com,2025-10-15T20:38:00,Evidence meets control requirements
aff580c5-69d2-4b49-a4db-7bddcf0f34ee,AC-18,7329b64e-aed4-4f7e-870a-8f8837906a8f,Reporting Integration Hub,Vendor Assessment,Third-party vendor security assessment,/evidence/reporting_integration_hub/AC-18_vendor_assessment_20251205.pdf,audit.team@nvidia-demo.com,2025-09-08T09:16:00,2025-08-18,2026-08-18,Pending Review,,,
6b25a22f-3bde-4bbf-b665-60f6e6a4ef31,CP-9,c43fdb27-5832-421f-872a-aa0121059921,Partner API Gateway,Vendor Assessment,Third-party vendor security assessment,/evidence/partner_api_gateway/CP-9_vendor_assessment_20251205.pdf,compliance.team@nvidia-demo.com,2025-07-27T08:08:00,2025-07-19,2026-07-19,Accepted,audit.manager@nvidia-demo.com,2025-08-02T18:08:00,Evidence validated against control objectives
8420539e-d0ce-47d4-b76f-618449dbc383,CM-10,d1399a8b-afb9-4c7e-8cf3-e12039305eaa,Security Database,Vulnerability Scan,Vulnerability assessment report,/evidence/security_database/CM-10_vulnerability_scan_20251205.pdf,nicole.clark@nvidia-demo.com,2025-07-31T10:52:00,2025-07-28,2026-07-28,Accepted,audit.manager@nvidia-demo.com,2025-08-06T20:52:00,Evidence meets control requirements
6b0cfd79-5a45-4326-85f0-768d0f7e9d19,MA-1,c5d69f43-ffdd-4623-8b26-34c5af6dc0fd,Partner Application,Policy Document,Formal policy or procedure document,/evidence/partner_application/MA-1_policy_document_20251205.pdf,compliance.team@nvidia-demo.com,2025-06-19T13:31:00,2025-06-19,2026-06-19,Pending Review,,,
49178d26-d675-4102-bafa-97fdd1e6e48e,PM-3,be8a2495-d932-49b5-9ed1-9019fe8d1f43,Financial Portal,Risk Assessment,Risk assessment documentation,/evidence/financial_portal/PM-3_risk_assessment_20251205.xlsx,richard.brown@nvidia-demo.com,2025-12-11T08:04:00,2025-11-12,2026-11-12,Accepted,grc.director@nvidia-demo.com,2025-12-17T17:04:00,All required artifacts present
5388fd06-7f2c-48c2-8d13-9cc15798bf56,MA-1,b21b50e2-5477-48fe-9624-1033b474b0f7,Analytics HRIS,Business Continuity Plan,BCP/DR documentation,/evidence/analytics_hris/MA-1_business_continuity_plan_20251205.pdf,nicole.taylor@nvidia-demo.com,2025-08-04T17:34:00,2025-07-11,2026-07-11,Accepted,grc.director@nvidia-demo.com,2025-08-18T10:34:00,All required artifacts present
d3d357d6-5a9a-442b-b118-2021c79c16da,IA-5,379aad25-1450-4f4a-8051-11d6f4f6b15b,Sales CRM,Change Management Ticket,Change request and approval documentation,/evidence/sales_crm/IA-5_change_management_ticket_20251205.pdf,risk.mgmt@nvidia-demo.com,2025-07-30T14:38:00,2025-07-13,2026-07-13,Accepted,grc.director@nvidia-demo.com,2025-08-04T08:38:00,Evidence clearly demonstrates control effectiveness
16877d3e-d433-4c41-86d3-a370dca4cd54,SC-18,9a0a2181-bb32-408a-b776-a5abba0b3ec6,Sales Portal,Vulnerability Scan,Vulnerability assessment report,/evidence/sales_portal/SC-18_vulnerability_scan_20251205.pdf,grc.team@nvidia-demo.com,2025-10-08T17:30:00,2025-10-02,2026-10-02,Pending Review,,,
3e5d3cbe-5c16-49c4-ba83-f59affeb3d3c,AU-5,c5be7264-f015-46c3-89de-125a5991e0b3,Analytics Integration Hub,Vendor Assessment,Third-party vendor security assessment,/evidence/analytics_integration_hub/AU-5_vendor_assessment_20251205.pdf,security.ops@nvidia-demo.com,2025-09-29T17:58:00,2025-09-27,2026-09-27,Pending Review,,,
e5cd5ae3-144e-4499-8207-924a393413e6,PL-10,8b4bf183-88dc-45db-861d-5624ff61a7f7,Inventory SCM,Screenshot,Screen capture showing control implementation,/evidence/inventory_scm/PL-10_screenshot_20251205.png,michelle.anderson@nvidia-demo.com,2025-12-11T18:00:00,2025-11-27,2026-11-27,Accepted,audit.manager@nvidia-demo.com,2025-12-19T11:00:00,Evidence meets control requirements
a44bb254-f9ec-4cbc-b389-91d337eba9f4,PE-3,0a057262-509c-4828-b604-c02f0085a7bf,Financial ERP,Change Management Ticket,Change request and approval documentation,/evidence/financial_erp/PE-3_change_management_ticket_20251205.pdf,daniel.miller@nvidia-demo.com,2025-09-14T13:13:00,2025-09-14,2026-09-14,Pending Review,,,
cbe78406-f55c-4ddf-a9b3-6f25557bcb91,SR-5,647c289b-d1b9-4fd2-a6d1-44bf292ddf52,HR ERP,Encryption Certificate,Certificate or key management documentation,/evidence/hr_erp/SR-5_encryption_certificate_20251205.pem,emily.thompson@nvidia-demo.com,2025-12-11T10:46:00,2025-12-01,2026-12-01,Accepted,audit.manager@nvidia-demo.com,2025-12-23T00:46:00,Evidence meets control requirements
79aafcc8-d005-4265-b1ca-a56666071bb2,PE-15,6ad86b83-e43c-4db4-959a-1a9e70b4736e,Partner HRIS,Change Management Ticket,Change request and approval documentation,/evidence/partner_hris/PE-15_change_management_ticket_20251205.pdf,robert.smith@nvidia-demo.com,2025-10-06T18:53:00,2025-09-23,2026-09-23,Accepted,senior.auditor@nvidia-demo.com,2025-10-19T03:53:00,Documentation complete and current
2dd970c2-1cac-496d-b982-7ba71a2f3b05,SI-11,c3fb88ca-874a-4876-8f59-7eb35752c832,HR Dashboard,Penetration Test Report,Security testing results,/evidence/hr_dashboard/SI-11_penetration_test_report_20251205.pdf,risk.mgmt@nvidia-demo.com,2025-10-15T13:22:00,2025-09-26,2026-09-26,Pending Review,,,
a1c5cba1-978b-43fd-9f75-f75f7d780310,PE-8,bc2af3a9-9a8b-478a-bc25-dc9140bf39a7,Customer ERP,Vendor Assessment,Third-party vendor security assessment,/evidence/customer_erp/PE-8_vendor_assessment_20251205.pdf,william.white@nvidia-demo.com,2025-09-05T09:44:00,2025-08-16,2026-08-16,Accepted,compliance.lead@nvidia-demo.com,2025-09-12T00:44:00,Evidence validated against control objectives
c5a0c6fa-b888-4b4e-84e7-6f2ba2b61213,PM-9,30c2e586-8a39-474b-a1b9-7bf7908bfeab,Marketing Analytics Engine,Access Review Report,Periodic access review documentation,/evidence/marketing_analytics_engine/PM-9_access_review_report_20251205.xlsx,michael.miller@nvidia-demo.com,2025-10-20T15:54:00,2025-10-02,2026-10-02,Pending Review,,,
ca820807-1eda-4774-9c94-14a1c1f3e31f,IR-8,21f3b876-c37e-421e-8c20-68ad6e764bde,Supply Chain Application,Business Continuity Plan,BCP/DR documentation,/evidence/supply_chain_application/IR-8_business_continuity_plan_20251205.pdf,thomas.thomas@nvidia-demo.com,2025-11-14T16:34:00,2025-10-23,2026-10-23,Rejected,compliance.lead@nvidia-demo.com,2025-11-28T07:34:00,Evidence is for incorrect system
47d6b463-d037-4f07-bd49-a0128847e95b,IA-3,c5be7264-f015-46c3-89de-125a5991e0b3,Analytics Integration Hub,Audit Log,System audit log or access log,/evidence/analytics_integration_hub/IA-3_audit_log_20251205.csv,security.ops@nvidia-demo.com,2025-12-01T13:13:00,2025-11-24,2026-11-24,Accepted,senior.auditor@nvidia-demo.com,2025-12-15T03:13:00,All required artifacts present
095cdbb2-0712-432f-ae11-fa383ea9e2df,CP-6,a67f9520-6f1a-49ed-9699-dbe2914a7e95,Reporting API Gateway,Vulnerability Scan,Vulnerability assessment report,/evidence/reporting_api_gateway/CP-6_vulnerability_scan_20251205.pdf,risk.mgmt@nvidia-demo.com,2025-07-05T13:15:00,2025-06-28,2026-06-28,Pending Review,,,
91c501ad-ccb3-441f-9a3c-069b7549f6c5,CP-7,b21b50e2-5477-48fe-9624-1033b474b0f7,Analytics HRIS,Training Records,Employee training completion records,/evidence/analytics_hris/CP-7_training_records_20251205.xlsx,nicole.taylor@nvidia-demo.com,2025-11-27T11:28:00,2025-11-10,2026-11-10,Accepted,security.manager@nvidia-demo.com,2025-12-10T19:28:00,Evidence clearly demonstrates control effectiveness
9b28c614-f89e-4d13-bb57-18898f6fd961,MA-3,b72ee548-3bb9-476b-bb4a-704addfb47bd,Employee Analytics Engine,Encryption Certificate,Certificate or key management documentation,/evidence/employee_analytics_engine/MA-3_encryption_certificate_20251205.pem,stephanie.davis@nvidia-demo.com,2025-11-27T14:03:00,2025-11-20,2026-11-20,Pending Review,,,
01d4b41e-61f9-40b8-b8ba-e97d2d18d619,IR-1,74d84c27-f092-4709-a5df-625cfdad6495,Partner Data Platform,Training Records,Employee training completion records,/evidence/partner_data_platform/IR-1_training_records_20251205.xlsx,compliance.team@nvidia-demo.com,2025-10-17T15:15:00,2025-09-24,2026-09-24,Accepted,security.manager@nvidia-demo.com,2025-10-24T07:15:00,Evidence validated against control objectives
9cce12ad-f518-4836-b376-cf18d585ed6b,IA-4,ab3f8dfe-b4de-40c1-a6f2-02f2ccc808a5,Customer Integration Hub,Audit Log,System audit log or access log,/evidence/customer_integration_hub/IA-4_audit_log_20251205.csv,it.admin@nvidia-demo.com,2025-11-26T09:10:00,2025-11-10,2026-11-10,Rejected,grc.director@nvidia-demo.com,2025-12-05T20:10:00,Evidence quality insufficient for audit purposes
996db9c4-ef83-4a4f-af1c-e9255908317e,SA-8,ee0c4aa1-a2f8-495a-9cbf-30d373ad195e,Supply Chain CRM,Penetration Test Report,Security testing results,/evidence/supply_chain_crm/SA-8_penetration_test_report_20251205.pdf,risk.mgmt@nvidia-demo.com,2025-09-19T15:26:00,2025-08-29,2026-08-29,Rejected,senior.auditor@nvidia-demo.com,2025-09-28T00:26:00,Evidence quality insufficient for audit purposes
61530e0d-095f-40f6-9982-e72f962e99df,PM-8,c43fdb27-5832-421f-872a-aa0121059921,Partner API Gateway,Policy Document,Formal policy or procedure document,/evidence/partner_api_gateway/PM-8_policy_document_20251205.pdf,joseph.brown@nvidia-demo.com,2025-09-21T13:44:00,2025-09-17,2026-09-17,Accepted,compliance.lead@nvidia-demo.com,2025-10-03T21:44:00,Evidence validated against control objectives
bb90ca26-76c9-4bb8-9fe0-7b1e0c140dc0,CA-3,d1399a8b-afb9-4c7e-8cf3-e12039305eaa,Security Database,Configuration Export,System configuration file or export,/evidence/security_database/CA-3_configuration_export_20251205.json,nicole.clark@nvidia-demo.com,2025-06-27T10:25:00,2025-06-15,2026-06-15,Pending Review,,,
79f0cbca-83c4-4e1a-b9f3-483520942c6e,PE-14,e2b15d95-f539-47a5-8b2e-8a0cf70a6854,Financial Service,Encryption Certificate,Certificate or key management documentation,/evidence/financial_service/PE-14_encryption_certificate_20251205.pem,melissa.jackson@nvidia-demo.com,2025-12-20T17:15:00,2025-12-02,2026-12-02,Pending Review,,,
7a48b263-11a2-4089-aa7c-1588d91c2b28,AC-12,368a5383-08ea-4685-8d18-e4555734d2cd,HR Warehouse,Risk Assessment,Risk assessment documentation,/evidence/hr_warehouse/AC-12_risk_assessment_20251205.xlsx,risk.mgmt@nvidia-demo.com,2025-06-23T09:47:00,2025-06-12,2026-06-12,Accepted,grc.director@nvidia-demo.com,2025-07-02T19:47:00,Documentation complete and current
447b6467-47fc-413a-b9d4-2d25afe422a7,RA-3,e2b15d95-f539-47a5-8b2e-8a0cf70a6854,Financial Service,Vulnerability Scan,Vulnerability assessment report,/evidence/financial_service/RA-3_vulnerability_scan_20251205.pdf,melissa.jackson@nvidia-demo.com,2025-06-22T11:00:00,2025-06-20,2026-06-20,Accepted,security.manager@nvidia-demo.com,2025-07-06T02:00:00,All required artifacts present
664e0c9c-686c-4586-905d-8ded0b3d70a5,PM-11,0ee7e6ee-32ef-4c0f-94d5-9aa47765a0e2,Vendor Application,Screenshot,Screen capture showing control implementation,/evidence/vendor_application/PM-11_screenshot_20251205.png,grc.team@nvidia-demo.com,2025-11-23T08:35:00,2025-11-06,2026-11-06,Accepted,audit.manager@nvidia-demo.com,2025-12-05T22:35:00,Evidence validated against control objectives
9a55ace4-8f5c-4a50-b502-916b7e21766b,PL-4,9a0a2181-bb32-408a-b776-a5abba0b3ec6,Sales Portal,Risk Assessment,Risk assessment documentation,/evidence/sales_portal/PL-4_risk_assessment_20251205.xlsx,ashley.robinson@nvidia-demo.com,2025-07-24T14:56:00,2025-07-16,2026-07-16,Pending Review,,,
9b883f30-6745-41b0-b5d3-340c53d31fbe,CM-9,a67f9520-6f1a-49ed-9699-dbe2914a7e95,Reporting API Gateway,Configuration Export,System configuration file or export,/evidence/reporting_api_gateway/CM-9_configuration_export_20251205.json,ashley.smith@nvidia-demo.com,2025-10-15T14:11:00,2025-10-04,2026-10-04,Pending Review,,,
e82c1d66-6758-4d18-a154-12a4a719d952,MP-4,e2b15d95-f539-47a5-8b2e-8a0cf70a6854,Financial Service,Penetration Test Report,Security testing results,/evidence/financial_service/MP-4_penetration_test_report_20251205.pdf,audit.team@nvidia-demo.com,2025-09-23T09:23:00,2025-09-10,2026-09-10,Pending Review,,,
03dd9ce1-2920-4b0a-ac0a-c039a4307d15,SI-2,b21b50e2-5477-48fe-9624-1033b474b0f7,Analytics HRIS,Training Records,Employee training completion records,/evidence/analytics_hris/SI-2_training_records_20251205.xlsx,risk.mgmt@nvidia-demo.com,2024-11-08T13:15:00,2024-10-26,2025-10-26,Expired,senior.auditor@nvidia-demo.com,2024-11-20T02:15:00,Evidence validity period has passed
60a0db65-1135-4348-b7a3-b9419f1370ca,RA-9,be8a2495-d932-49b5-9ed1-9019fe8d1f43,Financial Portal,Vendor Assessment,Third-party vendor security assessment,/evidence/financial_portal/RA-9_vendor_assessment_20251205.pdf,richard.brown@nvidia-demo.com,2025-09-24T17:31:00,2025-08-31,2026-08-31,Accepted,audit.manager@nvidia-demo.com,2025-10-05T03:31:00,Evidence validated against control objectives
614550ad-4543-4172-96d5-c2c22c34fc0c,IR-7,0c71c16f-b2fb-4a5f-aa37-f76a0d3c89a7,HR CRM,Encryption Certificate,Certificate or key management documentation,/evidence/hr_crm/IR-7_encryption_certificate_20251205.pem,james.davis@nvidia-demo.com,2025-07-11T16:22:00,2025-06-17,2026-06-17,Accepted,grc.director@nvidia-demo.com,2025-07-21T09:22:00,Documentation complete and current
ddab2825-14b7-414e-a60d-b889c2e9d8da,AC-12,74d84c27-f092-4709-a5df-625cfdad6495,Partner Data Platform,Vulnerability Scan,Vulnerability assessment report,/evidence/partner_data_platform/AC-12_vulnerability_scan_20251205.pdf,it.admin@nvidia-demo.com,2025-08-13T17:24:00,2025-07-29,2026-07-29,Accepted,senior.auditor@nvidia-demo.com,2025-08-25T01:24:00,Documentation complete and current
7e202f4a-368d-4511-b765-c548e75720cb,RA-7,78460fd6-1df2-4bea-a9db-1e1c4546166f,Financial HRIS,Vulnerability Scan,Vulnerability assessment report,/evidence/financial_hris/RA-7_vulnerability_scan_20251205.pdf,william.johnson@nvidia-demo.com,2025-06-28T11:15:00,2025-06-11,2026-06-11,Accepted,grc.director@nvidia-demo.com,2025-07-06T23:15:00,Evidence meets control requirements
244a5681-7372-4214-a5bc-0be855323324,MP-6,9a0a2181-bb32-408a-b776-a5abba0b3ec6,Sales Portal,Screenshot,Screen capture showing control implementation,/evidence/sales_portal/MP-6_screenshot_20251205.png,ashley.robinson@nvidia-demo.com,2025-06-22T09:34:00,2025-06-12,2026-06-12,Pending Review,,,
fad9d6c0-9d83-4268-a3d5-85c4d528e67a,AT-1,2cc7baf4-2c43-498d-87bb-f18e50ed4914,Engineering Dashboard,Training Records,Employee training completion records,/evidence/engineering_dashboard/AT-1_training_records_20251205.xlsx,david.williams@nvidia-demo.com,2025-07-25T09:24:00,2025-07-25,2026-07-25,Rejected,compliance.lead@nvidia-demo.com,2025-08-02T23:24:00,Evidence quality insufficient for audit purposes
91168ea4-fa99-44b8-9175-3f1ee821745b,MA-2,647c289b-d1b9-4fd2-a6d1-44bf292ddf52,HR ERP,Change Management Ticket,Change request and approval documentation,/evidence/hr_erp/MA-2_change_management_ticket_20251205.pdf,emily.thompson@nvidia-demo.com,2025-10-11T10:34:00,2025-09-14,2026-09-14,Accepted,compliance.lead@nvidia-demo.com,2025-10-18T04:34:00,All required artifacts present
0c1e627e-5305-430e-8ba8-b31a6cbe214d,CP-10,a67f9520-6f1a-49ed-9699-dbe2914a7e95,Reporting API Gateway,Screenshot,Screen capture showing control implementation,/evidence/reporting_api_gateway/CP-10_screenshot_20251205.png,ashley.smith@nvidia-demo.com,2025-07-11T08:26:00,2025-06-15,2026-06-15,Accepted,grc.director@nvidia-demo.com,2025-07-19T22:26:00,Evidence meets control requirements
881724ce-35b5-40de-9431-6eff62a38a6f,PS-1,c5be7264-f015-46c3-89de-125a5991e0b3,Analytics Integration Hub,Business Continuity Plan,BCP/DR documentation,/evidence/analytics_integration_hub/PS-1_business_continuity_plan_20251205.pdf,christopher.walker@nvidia-demo.com,2025-10-06T18:42:00,2025-09-14,2026-09-14,Pending Review,,,
bf283377-8e9a-4b7a-a861-f400f8892696,CP-4,1e6cd834-81f6-4239-b589-2d3bb1c7475b,Legal Warehouse,Screenshot,Screen capture showing control implementation,/evidence/legal_warehouse/CP-4_screenshot_20251205.png,nicole.jones@nvidia-demo.com,2025-08-22T11:51:00,2025-07-31,2026-07-31,Accepted,security.manager@nvidia-demo.com,2025-08-29T20:51:00,Evidence validated against control objectives
33f25e73-739b-421b-baf1-e0a49f9bdeab,PS-8,0ee7e6ee-32ef-4c0f-94d5-9aa47765a0e2,Vendor Application,Incident Report,Security incident documentation,/evidence/vendor_application/PS-8_incident_report_20251205.pdf,christopher.walker@nvidia-demo.com,2025-12-19T16:24:00,2025-12-02,2026-12-02,Accepted,security.manager@nvidia-demo.com,2025-12-31T06:24:00,All required artifacts present
eb6695ef-f6dd-4d03-9bf2-d2e5e8985d4f,PM-4,c5d69f43-ffdd-4623-8b26-34c5af6dc0fd,Partner Application,Change Management Ticket,Change request and approval documentation,/evidence/partner_application/PM-4_change_management_ticket_20251205.pdf,it.admin@nvidia-demo.com,2025-11-01T18:15:00,2025-10-16,2026-10-16,Pending Review,,,
dbdb620a-7b57-400f-a80b-372d27805286,SA-1,ee0c4aa1-a2f8-495a-9cbf-30d373ad195e,Supply Chain CRM,Change Management Ticket,Change request and approval documentation,/evidence/supply_chain_crm/SA-1_change_management_ticket_20251205.pdf,kimberly.thomas@nvidia-demo.com,2025-09-04T14:57:00,2025-08-15,2026-08-15,Accepted,security.manager@nvidia-demo.com,2025-09-11T23:57:00,Evidence clearly demonstrates control effectiveness
b6bafff6-617e-4990-ad6d-44ad3f18af80,PL-1,379aad25-1450-4f4a-8051-11d6f4f6b15b,Sales CRM,Screenshot,Screen capture showing control implementation,/evidence/sales_crm/PL-1_screenshot_20251205.png,jennifer.walker@nvidia-demo.com,2025-08-20T16:48:00,2025-07-30,2026-07-30,Accepted,grc.director@nvidia-demo.com,2025-08-23T07:48:00,Evidence clearly demonstrates control effectiveness
27af284d-decf-4930-b2c4-46bbd6036ea6,PE-14,c5be7264-f015-46c3-89de-125a5991e0b3,Analytics Integration Hub,Risk Assessment,Risk assessment documentation,/evidence/analytics_integration_hub/PE-14_risk_assessment_20251205.xlsx,christopher.walker@nvidia-demo.com,2025-08-14T09:00:00,2025-07-19,2026-07-19,Accepted,audit.manager@nvidia-demo.com,2025-08-25T17:00:00,Evidence meets control requirements
114f97bc-30ad-4202-826c-00b8b0f915e6,SA-8,be8a2495-d932-49b5-9ed1-9019fe8d1f43,Financial Portal,Change Management Ticket,Change request and approval documentation,/evidence/financial_portal/SA-8_change_management_ticket_20251205.pdf,richard.brown@nvidia-demo.com,2025-08-05T17:18:00,2025-07-19,2026-07-19,Rejected,security.manager@nvidia-demo.com,2025-08-07T04:18:00,Unable to verify control implementation from evidence
90456c15-1e45-4cd8-a593-902e595a653b,IA-6,b72ee548-3bb9-476b-bb4a-704addfb47bd,Employee Analytics Engine,Encryption Certificate,Certificate or key management documentation,/evidence/employee_analytics_engine/IA-6_encryption_certificate_20251205.pem,security.ops@nvidia-demo.com,2025-07-15T09:37:00,2025-07-01,2026-07-01,Pending Review,,,
089110f4-8a5c-4b3d-b4e5-9be501d013f7,SC-28,9a0a2181-bb32-408a-b776-a5abba0b3ec6,Sales Portal,Vulnerability Scan,Vulnerability assessment report,/evidence/sales_portal/SC-28_vulnerability_scan_20251205.pdf,ashley.robinson@nvidia-demo.com,2025-08-22T14:26:00,2025-08-07,2026-08-07,Accepted,grc.director@nvidia-demo.com,2025-08-27T05:26:00,All required artifacts present
c2d7f0ee-af84-4b29-9966-70a156b69342,IA-3,bc2af3a9-9a8b-478a-bc25-dc9140bf39a7,Customer ERP,Penetration Test Report,Security testing results,/evidence/customer_erp/IA-3_penetration_test_report_20251205.pdf,william.white@nvidia-demo.com,2025-09-27T08:43:00,2025-09-24,2026-09-24,Accepted,senior.auditor@nvidia-demo.com,2025-09-28T16:43:00,Evidence clearly demonstrates control effectiveness
ebf09ee9-7a8c-4ba1-ac18-19087c9bd16d,AT-4,0c71c16f-b2fb-4a5f-aa37-f76a0d3c89a7,HR CRM,Audit Log,System audit log or access log,/evidence/hr_crm/AT-4_audit_log_20251205.csv,james.davis@nvidia-demo.com,2025-10-02T11:07:00,2025-09-12,2026-09-12,Pending Review,,,
1e36e309-fb80-49f5-a309-e15a47d5b243,SA-4,c5d69f43-ffdd-4623-8b26-34c5af6dc0fd,Partner Application,Configuration Export,System configuration file or export,/evidence/partner_application/SA-4_configuration_export_20251205.json,ashley.walker@nvidia-demo.com,2025-11-03T15:12:00,2025-10-28,2026-10-28,Accepted,audit.manager@nvidia-demo.com,2025-11-14T08:12:00,Documentation complete and current
13e45b20-1059-4b79-a994-81808335b858,SC-20,7329b64e-aed4-4f7e-870a-8f8837906a8f,Reporting Integration Hub,Incident Report,Security incident documentation,/evidence/reporting_integration_hub/SC-20_incident_report_20251205.pdf,jennifer.anderson@nvidia-demo.com,2025-11-11T11:48:00,2025-10-17,2026-10-17,Accepted,security.manager@nvidia-demo.com,2025-11-15T02:48:00,All required artifacts present
cb85243a-371c-4d56-854c-9061cb1727d1,IR-4,a67f9520-6f1a-49ed-9699-dbe2914a7e95,Reporting API Gateway,Business Continuity Plan,BCP/DR documentation,/evidence/reporting_api_gateway/IR-4_business_continuity_plan_20251205.pdf,grc.team@nvidia-demo.com,2025-09-25T15:43:00,2025-08-29,2026-08-29,Accepted,security.manager@nvidia-demo.com,2025-10-09T02:43:00,All required artifacts present
98accd23-423e-4df1-8c2f-abe2db2424e3,SI-3,80524a38-6d27-495d-9f01-7363cf9583a8,Supply Chain Dashboard,Access Review Report,Periodic access review documentation,/evidence/supply_chain_dashboard/SI-3_access_review_report_20251205.xlsx,risk.mgmt@nvidia-demo.com,2025-09-30T11:43:00,2025-09-19,2026-09-19,Pending Review,,,
e86eef7c-93e2-49e9-84a5-eafc9a15732e,PE-14,0ee7e6ee-32ef-4c0f-94d5-9aa47765a0e2,Vendor Application,Screenshot,Screen capture showing control implementation,/evidence/vendor_application/PE-14_screenshot_20251205.png,christopher.walker@nvidia-demo.com,2025-11-05T14:27:00,2025-10-28,2026-10-28,Accepted,senior.auditor@nvidia-demo.com,2025-11-10T07:27:00,All required artifacts present
d4bf8523-7738-4abe-9d11-491a6186998f,PM-3,d1399a8b-afb9-4c7e-8cf3-e12039305eaa,Security Database,Incident Report,Security incident documentation,/evidence/security_database/PM-3_incident_report_20251205.pdf,nicole.clark@nvidia-demo.com,2025-10-23T16:30:00,2025-09-25,2026-09-25,Rejected,grc.director@nvidia-demo.com,2025-11-06T02:30:00,Evidence is for incorrect system
15fb91d1-21eb-4705-a2b4-340bce922df0,CP-8,6ad86b83-e43c-4db4-959a-1a9e70b4736e,Partner HRIS,Configuration Export,System configuration file or export,/evidence/partner_hris/CP-8_configuration_export_20251205.json,robert.smith@nvidia-demo.com,2025-12-16T15:12:00,2025-11-26,2026-11-26,Rejected,security.manager@nvidia-demo.com,2025-12-23T01:12:00,Missing required details or timestamps
68144b77-cf50-4e13-a263-5d8016ad84c7,PS-8,c3d4d0eb-eb22-4191-9727-9dafc6d9b32d,Marketing ERP,Policy Document,Formal policy or procedure document,/evidence/marketing_erp/PS-8_policy_document_20251205.pdf,jessica.thomas@nvidia-demo.com,2025-09-10T10:35:00,2025-08-12,2026-08-12,Accepted,senior.auditor@nvidia-demo.com,2025-09-16T04:35:00,All required artifacts present
8660f21b-f12e-4abd-bc6f-8e2fe8e04bfb,PM-2,ee0c4aa1-a2f8-495a-9cbf-30d373ad195e,Supply Chain CRM,Vendor Assessment,Third-party vendor security assessment,/evidence/supply_chain_crm/PM-2_vendor_assessment_20251205.pdf,compliance.team@nvidia-demo.com,2025-10-06T15:52:00,2025-09-09,2026-09-09,Accepted,senior.auditor@nvidia-demo.com,2025-10-17T01:52:00,Documentation complete and current
236a54aa-2f2d-4ae6-b2dd-e40529bca75f,PE-13,c3d4d0eb-eb22-4191-9727-9dafc6d9b32d,Marketing ERP,Access Review Report,Periodic access review documentation,/evidence/marketing_erp/PE-13_access_review_report_20251205.xlsx,jessica.thomas@nvidia-demo.com,2024-11-10T08:22:00,2024-10-26,2025-10-26,Expired,grc.director@nvidia-demo.com,2024-11-15T18:22:00,Evidence validity period has passed
eda82331-fed6-4d4f-bd23-0fb2a8ecf237,SR-11,6ad86b83-e43c-4db4-959a-1a9e70b4736e,Partner HRIS,Vendor Assessment,Third-party vendor security assessment,/evidence/partner_hris/SR-11_vendor_assessment_20251205.pdf,robert.smith@nvidia-demo.com,2025-07-24T08:23:00,2025-07-12,2026-07-12,Accepted,grc.director@nvidia-demo.com,2025-07-26T02:23:00,Evidence clearly demonstrates control effectiveness
65818163-bed2-4f48-bbff-3a0e3d2b27f8,MP-3,6597923c-0580-4e8b-8367-8126949efe3a,Vendor Portal,Risk Assessment,Risk assessment documentation,/evidence/vendor_portal/MP-3_risk_assessment_20251205.xlsx,it.admin@nvidia-demo.com,2025-10-23T11:40:00,2025-09-23,2026-09-23,Pending Review,,,
0f9ab01e-c179-4990-b0da-70639b8de651,AU-4,c5be7264-f015-46c3-89de-125a5991e0b3,Analytics Integration Hub,Penetration Test Report,Security testing results,/evidence/analytics_integration_hub/AU-4_penetration_test_report_20251205.pdf,christopher.walker@nvidia-demo.com,2025-07-02T11:06:00,2025-06-26,2026-06-26,Pending Review,,,
d386db17-b206-4fec-be4b-46aa2e08ed52,SI-7,78460fd6-1df2-4bea-a9db-1e1c4546166f,Financial HRIS,Audit Log,System audit log or access log,/evidence/financial_hris/SI-7_audit_log_20251205.csv,william.johnson@nvidia-demo.com,2025-10-29T17:25:00,2025-10-17,2026-10-17,Accepted,security.manager@nvidia-demo.com,2025-11-03T08:25:00,Evidence meets control requirements
f6d1ecda-dbd4-43d3-9cdc-70e0aa88440b,CP-9,80524a38-6d27-495d-9f01-7363cf9583a8,Supply Chain Dashboard,Screenshot,Screen capture showing control implementation,/evidence/supply_chain_dashboard/CP-9_screenshot_20251205.png,jessica.clark@nvidia-demo.com,2025-07-22T12:48:00,2025-07-15,2026-07-15,Accepted,grc.director@nvidia-demo.com,2025-07-30T01:48:00,Documentation complete and current
b9c57ccc-80b9-4e6e-90bf-ed0b74b2198f,PM-10,ab3f8dfe-b4de-40c1-a6f2-02f2ccc808a5,Customer Integration Hub,Access Review Report,Periodic access review documentation,/evidence/customer_integration_hub/PM-10_access_review_report_20251205.xlsx,michelle.lewis@nvidia-demo.com,2025-11-06T10:50:00,2025-11-02,2026-11-02,Pending Review,,,
eeb1a1ab-3c1e-45f6-8bbf-928568489d8a,PM-3,0ee7e6ee-32ef-4c0f-94d5-9aa47765a0e2,Vendor Application,Training Records,Employee training completion records,/evidence/vendor_application/PM-3_training_records_20251205.xlsx,christopher.walker@nvidia-demo.com,2025-06-24T14:51:00,2025-06-20,2026-06-20,Accepted,senior.auditor@nvidia-demo.com,2025-06-26T04:51:00,All required artifacts present
415edcd5-5d78-4002-a993-cd267717a19f,PS-4,be8a2495-d932-49b5-9ed1-9019fe8d1f43,Financial Portal,Vendor Assessment,Third-party vendor security assessment,/evidence/financial_portal/PS-4_vendor_assessment_20251205.pdf,richard.brown@nvidia-demo.com,2025-08-23T12:23:00,2025-08-11,2026-08-11,Accepted,security.manager@nvidia-demo.com,2025-08-30T23:23:00,Evidence clearly demonstrates control effectiveness
95ec8fa5-756b-40ec-b75b-b687d6fc5b55,AU-6,74d84c27-f092-4709-a5df-625cfdad6495,Partner Data Platform,Configuration Export,System configuration file or export,/evidence/partner_data_platform/AU-6_configuration_export_20251205.json,michael.clark@nvidia-demo.com,2025-07-31T10:03:00,2025-07-16,2026-07-16,Pending Review,,,
c0818005-bcd6-402c-b5a0-e3a2558cb5df,AC-1,80524a38-6d27-495d-9f01-7363cf9583a8,Supply Chain Dashboard,Business Continuity Plan,BCP/DR documentation,/evidence/supply_chain_dashboard/AC-1_business_continuity_plan_20251205.pdf,risk.mgmt@nvidia-demo.com,2025-10-01T08:58:00,2025-09-28,2026-09-28,Accepted,audit.manager@nvidia-demo.com,2025-10-09T17:58:00,Evidence clearly demonstrates control effectiveness
2924d575-334e-4659-9acc-56e14f1fd132,IA-11,7e54a667-791f-4c28-aa84-f54bb484d403,Employee Dashboard,Training Records,Employee training completion records,/evidence/employee_dashboard/IA-11_training_records_20251205.xlsx,michelle.miller@nvidia-demo.com,2025-11-21T11:15:00,2025-11-05,2026-11-05,Accepted,compliance.lead@nvidia-demo.com,2025-11-25T22:15:00,Evidence meets control requirements
60b93687-78c4-4ccd-9dc4-208974467c70,CM-1,b21b50e2-5477-48fe-9624-1033b474b0f7,Analytics HRIS,Risk Assessment,Risk assessment documentation,/evidence/analytics_hris/CM-1_risk_assessment_20251205.xlsx,nicole.taylor@nvidia-demo.com,2025-08-14T10:34:00,2025-08-01,2026-08-01,Accepted,security.manager@nvidia-demo.com,2025-08-17T04:34:00,Evidence validated against control objectives
f971679d-2da0-49ef-8076-aa4cfa33eae4,PE-9,0a057262-509c-4828-b604-c02f0085a7bf,Financial ERP,Encryption Certificate,Certificate or key management documentation,/evidence/financial_erp/PE-9_encryption_certificate_20251205.pem,security.ops@nvidia-demo.com,2025-06-29T15:40:00,2025-06-15,2026-06-15,Accepted,compliance.lead@nvidia-demo.com,2025-07-06T05:40:00,Evidence meets control requirements
39f9d6c5-b635-489a-90b0-95708bb4d20f,PE-15,9a0a2181-bb32-408a-b776-a5abba0b3ec6,Sales Portal,Incident Report,Security incident documentation,/evidence/sales_portal/PE-15_incident_report_20251205.pdf,risk.mgmt@nvidia-demo.com,2025-08-23T16:06:00,2025-07-31,2026-07-31,Pending Review,,,
5bc43251-b19e-4042-a6a5-bff970feaf5c,PE-17,a67f9520-6f1a-49ed-9699-dbe2914a7e95,Reporting API Gateway,Vulnerability Scan,Vulnerability assessment report,/evidence/reporting_api_gateway/PE-17_vulnerability_scan_20251205.pdf,compliance.team@nvidia-demo.com,2025-10-16T13:13:00,2025-09-25,2026-09-25,Accepted,compliance.lead@nvidia-demo.com,2025-10-18T00:13:00,Documentation complete and current
063e71bf-019c-4608-8359-e65e1bdeea04,CP-2,cb5fcd79-c7c1-4520-b934-61da025a892c,HR Application,Change Management Ticket,Change request and approval documentation,/evidence/hr_application/CP-2_change_management_ticket_20251205.pdf,jessica.clark@nvidia-demo.com,2025-11-06T10:46:00,2025-10-17,2026-10-17,Accepted,security.manager@nvidia-demo.com,2025-11-19T18:46:00,Documentation complete and current
5b5efea2-4cc7-4999-809e-2a6b8dc3c1e7,SC-17,a67f9520-6f1a-49ed-9699-dbe2914a7e95,Reporting API Gateway,Risk Assessment,Risk assessment documentation,/evidence/reporting_api_gateway/SC-17_risk_assessment_20251205.xlsx,ashley.smith@nvidia-demo.com,2025-09-09T13:17:00,2025-08-24,2026-08-24,Accepted,security.manager@nvidia-demo.com,2025-09-15T23:17:00,Evidence clearly demonstrates control effectiveness
1ea960bf-a0eb-49ed-8627-7f6a130fda55,CP-9,ae37b0c6-224c-4929-b490-017ca050e755,Legal HRIS,Penetration Test Report,Security testing results,/evidence/legal_hris/CP-9_penetration_test_report_20251205.pdf,nicole.thomas@nvidia-demo.com,2025-11-25T17:37:00,2025-11-03,2026-11-03,Pending Review,,,
5e03c110-6e0c-471e-bf44-14613ade6b29,MP-5,c5be7264-f015-46c3-89de-125a5991e0b3,Analytics Integration Hub,Business Continuity Plan,BCP/DR documentation,/evidence/analytics_integration_hub/MP-5_business_continuity_plan_20251205.pdf,christopher.walker@nvidia-demo.com,2025-10-26T10:21:00,2025-10-24,2026-10-24,Accepted,security.manager@nvidia-demo.com,2025-10-31T03:21:00,Evidence meets control requirements
0d90a41e-ae3f-446b-8e77-1ca54db7ca44,CM-5,c5d69f43-ffdd-4623-8b26-34c5af6dc0fd,Partner Application,Change Management Ticket,Change request and approval documentation,/evidence/partner_application/CM-5_change_management_ticket_20251205.pdf,security.ops@nvidia-demo.com,2025-09-04T15:05:00,2025-08-08,2026-08-08,Accepted,audit.manager@nvidia-demo.com,2025-09-13T09:05:00,Documentation complete and current
6df627b9-1b1c-4361-aedf-3a9863d7ebbf,CM-11,e2b15d95-f539-47a5-8b2e-8a0cf70a6854,Financial Service,Vulnerability Scan,Vulnerability assessment report,/evidence/financial_service/CM-11_vulnerability_scan_20251205.pdf,melissa.jackson@nvidia-demo.com,2025-08-16T08:20:00,2025-08-15,2026-08-15,Accepted,grc.director@nvidia-demo.com,2025-08-20T19:20:00,All required artifacts present
9d5751ea-a511-4964-b396-809210af7550,SC-28,7329b64e-aed4-4f7e-870a-8f8837906a8f,Reporting Integration Hub,Configuration Export,System configuration file or export,/evidence/reporting_integration_hub/SC-28_configuration_export_20251205.json,jennifer.anderson@nvidia-demo.com,2025-12-23T17:58:00,2025-11-25,2026-11-25,Pending Review,,,
019e1009-4366-4d73-81f9-5466eeeedb87,AU-1,c5be7264-f015-46c3-89de-125a5991e0b3,Analytics Integration Hub,Vendor Assessment,Third-party vendor security assessment,/evidence/analytics_integration_hub/AU-1_vendor_assessment_20251205.pdf,christopher.walker@nvidia-demo.com,2025-07-11T09:13:00,2025-06-14,2026-06-14,Pending Review,,,
5fc3539c-3a01-46fd-9efb-acfd2ffe05f4,PE-12,cb5fcd79-c7c1-4520-b934-61da025a892c,HR Application,Business Continuity Plan,BCP/DR documentation,/evidence/hr_application/PE-12_business_continuity_plan_20251205.pdf,jessica.clark@nvidia-demo.com,2025-11-06T12:06:00,2025-10-29,2026-10-29,Accepted,audit.manager@nvidia-demo.com,2025-11-13T21:06:00,Evidence clearly demonstrates control effectiveness
a7e26802-98ea-4cb7-aa28-75c9a3b11c3a,AU-3,368a5383-08ea-4685-8d18-e4555734d2cd,HR Warehouse,Incident Report,Security incident documentation,/evidence/hr_warehouse/AU-3_incident_report_20251205.pdf,security.ops@nvidia-demo.com,2025-07-22T08:49:00,2025-07-07,2026-07-07,Accepted,audit.manager@nvidia-demo.com,2025-07-23T19:49:00,All required artifacts present
667ad571-f8d9-4c08-a4dc-8b496f3ca525,MP-1,c43fdb27-5832-421f-872a-aa0121059921,Partner API Gateway,Penetration Test Report,Security testing results,/evidence/partner_api_gateway/MP-1_penetration_test_report_20251205.pdf,joseph.brown@nvidia-demo.com,2025-07-30T13:45:00,2025-07-02,2026-07-02,Accepted,audit.manager@nvidia-demo.com,2025-08-01T06:45:00,Evidence validated against control objectives
b42a7926-6b30-4dbe-ae49-b8cbf50a417a,PS-4,368a5383-08ea-4685-8d18-e4555734d2cd,HR Warehouse,Vendor Assessment,Third-party vendor security assessment,/evidence/hr_warehouse/PS-4_vendor_assessment_20251205.pdf,michelle.thompson@nvidia-demo.com,2025-08-17T14:51:00,2025-07-27,2026-07-27,Accepted,grc.director@nvidia-demo.com,2025-08-20T02:51:00,Evidence meets control requirements
f2e7e61a-a416-48e9-b661-1637f84ff3ed,MA-1,c5be7264-f015-46c3-89de-125a5991e0b3,Analytics Integration Hub,Incident Report,Security incident documentation,/evidence/analytics_integration_hub/MA-1_incident_report_20251205.pdf,christopher.walker@nvidia-demo.com,2025-12-17T09:54:00,2025-11-24,2026-11-24,Accepted,security.manager@nvidia-demo.com,2025-12-20T18:54:00,Evidence clearly demonstrates control effectiveness
6287d192-1a8f-402a-b46d-9f8e5bc9c83c,CA-9,1e6cd834-81f6-4239-b589-2d3bb1c7475b,Legal Warehouse,Encryption Certificate,Certificate or key management documentation,/evidence/legal_warehouse/CA-9_encryption_certificate_20251205.pem,nicole.jones@nvidia-demo.com,2025-06-21T10:36:00,2025-06-11,2026-06-11,Accepted,audit.manager@nvidia-demo.com,2025-07-03T20:36:00,All required artifacts present
9859a589-612c-4b76-9d1a-9f5b6f46a2c7,CM-1,74d84c27-f092-4709-a5df-625cfdad6495,Partner Data Platform,Encryption Certificate,Certificate or key management documentation,/evidence/partner_data_platform/CM-1_encryption_certificate_20251205.pem,michael.clark@nvidia-demo.com,2025-12-12T13:01:00,2025-11-15,2026-11-15,Accepted,audit.manager@nvidia-demo.com,2025-12-13T21:01:00,Evidence meets control requirements
ee99b3d0-34d7-47c8-a03c-688f504635ff,PE-4,6ad86b83-e43c-4db4-959a-1a9e70b4736e,Partner HRIS,Vendor Assessment,Third-party vendor security assessment,/evidence/partner_hris/PE-4_vendor_assessment_20251205.pdf,robert.smith@nvidia-demo.com,2025-08-06T14:44:00,2025-07-12,2026-07-12,Accepted,grc.director@nvidia-demo.com,2025-08-15T06:44:00,Evidence meets control requirements
5ec45799-a8c3-415c-bc31-89857cf44852,PS-5,64d1a9b3-77cd-4f3a-a35e-14e069f58fd0,Customer Warehouse,Risk Assessment,Risk assessment documentation,/evidence/customer_warehouse/PS-5_risk_assessment_20251205.xlsx,ashley.walker@nvidia-demo.com,2025-11-12T08:53:00,2025-10-29,2026-10-29,Pending Review,,,
7567f253-6dd6-48d3-8ed9-474ac544a206,SC-17,64d1a9b3-77cd-4f3a-a35e-14e069f58fd0,Customer Warehouse,Risk Assessment,Risk assessment documentation,/evidence/customer_warehouse/SC-17_risk_assessment_20251205.xlsx,ashley.walker@nvidia-demo.com,2025-06-16T10:20:00,2025-06-12,2026-06-12,Accepted,compliance.lead@nvidia-demo.com,2025-06-29T03:20:00,Evidence validated against control objectives
bf934463-5f2a-443f-8632-92ae778b59c4,PS-1,7e54a667-791f-4c28-aa84-f54bb484d403,Employee Dashboard,Configuration Export,System configuration file or export,/evidence/employee_dashboard/PS-1_configuration_export_20251205.json,michelle.miller@nvidia-demo.com,2025-07-17T17:19:00,2025-06-23,2026-06-23,Pending Review,,,
3be649d0-dead-4172-9ca5-4ed830a6cd10,PM-9,b8bf9e72-6bb0-44d2-81fd-1bb862602359,Partner SCM,Encryption Certificate,Certificate or key management documentation,/evidence/partner_scm/PM-9_encryption_certificate_20251205.pem,nicole.jones@nvidia-demo.com,2025-11-01T17:18:00,2025-10-21,2026-10-21,Accepted,security.manager@nvidia-demo.com,2025-11-05T10:18:00,Evidence meets control requirements
c02c5091-8556-44a6-90c6-6701851ab6c4,SI-5,cb5fcd79-c7c1-4520-b934-61da025a892c,HR Application,Training Records,Employee training completion records,/evidence/hr_application/SI-5_training_records_20251205.xlsx,jessica.clark@nvidia-demo.com,2025-11-18T18:03:00,2025-10-27,2026-10-27,Accepted,senior.auditor@nvidia-demo.com,2025-12-02T12:03:00,Evidence meets control requirements
f19ceb6f-3154-4a2d-81cb-2fee61d28690,IA-1,c3d4d0eb-eb22-4191-9727-9dafc6d9b32d,Marketing ERP,Encryption Certificate,Certificate or key management documentation,/evidence/marketing_erp/IA-1_encryption_certificate_20251205.pem,grc.team@nvidia-demo.com,2025-11-18T13:01:00,2025-11-11,2026-11-11,Accepted,senior.auditor@nvidia-demo.com,2025-11-28T23:01:00,Evidence clearly demonstrates control effectiveness
741cdf97-eba3-4b4d-bddc-56a7aaf91883,PL-4,64d1a9b3-77cd-4f3a-a35e-14e069f58fd0,Customer Warehouse,Incident Report,Security incident documentation,/evidence/customer_warehouse/PL-4_incident_report_20251205.pdf,ashley.walker@nvidia-demo.com,2025-10-25T11:47:00,2025-09-25,2026-09-25,Accepted,compliance.lead@nvidia-demo.com,2025-11-06T05:47:00,Evidence meets control requirements
ecbd5f90-7693-4e29-a012-ceb46771dd31,SR-8,0a057262-509c-4828-b604-c02f0085a7bf,Financial ERP,Business Continuity Plan,BCP/DR documentation,/evidence/financial_erp/SR-8_business_continuity_plan_20251205.pdf,daniel.miller@nvidia-demo.com,2025-10-24T11:41:00,2025-09-28,2026-09-28,Pending Review,,,
1592cd43-2be0-46ba-93e5-42d0fd392dec,MP-4,d1399a8b-afb9-4c7e-8cf3-e12039305eaa,Security Database,Screenshot,Screen capture showing control implementation,/evidence/security_database/MP-4_screenshot_20251205.png,grc.team@nvidia-demo.com,2025-10-01T14:28:00,2025-09-25,2026-09-25,Rejected,compliance.lead@nvidia-demo.com,2025-10-10T02:28:00,Evidence does not cover full assessment period
391b5929-3160-4cdb-b638-67e692450b72,SC-20,d1399a8b-afb9-4c7e-8cf3-e12039305eaa,Security Database,Screenshot,Screen capture showing control implementation,/evidence/security_database/SC-20_screenshot_20251205.png,nicole.clark@nvidia-demo.com,2025-11-17T17:35:00,2025-11-01,2026-11-01,Pending Review,,,
9b5a0376-5070-4f90-a163-df37ea6c9e29,SI-10,c5d69f43-ffdd-4623-8b26-34c5af6dc0fd,Partner Application,Incident Report,Security incident documentation,/evidence/partner_application/SI-10_incident_report_20251205.pdf,security.ops@nvidia-demo.com,2025-10-06T18:57:00,2025-09-22,2026-09-22,Pending Review,,,
38c3d5fb-b9c1-4543-ab0a-d29b1b0bf34a,CM-2,cb5fcd79-c7c1-4520-b934-61da025a892c,HR Application,Configuration Export,System configuration file or export,/evidence/hr_application/CM-2_configuration_export_20251205.json,jessica.clark@nvidia-demo.com,2024-07-11T09:08:00,2024-07-04,2025-07-04,Expired,audit.manager@nvidia-demo.com,2024-07-19T23:08:00,Requires refresh for current assessment period
7c7e7a02-8d66-47be-a498-4e1e1f5fed7e,SA-2,c3fb88ca-874a-4876-8f59-7eb35752c832,HR Dashboard,Risk Assessment,Risk assessment documentation,/evidence/hr_dashboard/SA-2_risk_assessment_20251205.xlsx,thomas.garcia@nvidia-demo.com,2025-08-25T14:11:00,2025-07-27,2026-07-27,Accepted,senior.auditor@nvidia-demo.com,2025-09-08T06:11:00,All required artifacts present
65cc1eae-c3c2-4ba4-8816-77dd09e1a265,AC-19,6597923c-0580-4e8b-8367-8126949efe3a,Vendor Portal,Change Management Ticket,Change request and approval documentation,/evidence/vendor_portal/AC-19_change_management_ticket_20251205.pdf,audit.team@nvidia-demo.com,2025-10-03T09:27:00,2025-09-09,2026-09-09,Accepted,senior.auditor@nvidia-demo.com,2025-10-07T02:27:00,Evidence clearly demonstrates control effectiveness
e60a0f0a-e228-45f3-b57d-0283057c2986,AC-22,80524a38-6d27-495d-9f01-7363cf9583a8,Supply Chain Dashboard,Configuration Export,System configuration file or export,/evidence/supply_chain_dashboard/AC-22_configuration_export_20251205.json,it.admin@nvidia-demo.com,2025-11-08T11:13:00,2025-10-14,2026-10-14,Accepted,security.manager@nvidia-demo.com,2025-11-11T19:13:00,Evidence clearly demonstrates control effectiveness
2452a447-95d0-48e0-bb38-f1950f0d807a,AU-4,a67f9520-6f1a-49ed-9699-dbe2914a7e95,Reporting API Gateway,Policy Document,Formal policy or procedure document,/evidence/reporting_api_gateway/AU-4_policy_document_20251205.pdf,compliance.team@nvidia-demo.com,2025-10-03T17:26:00,2025-10-01,2026-10-01,Pending Review,,,
a7baeeda-746b-4542-b3ca-64d2168d1f50,SA-22,c5d69f43-ffdd-4623-8b26-34c5af6dc0fd,Partner Application,Screenshot,Screen capture showing control implementation,/evidence/partner_application/SA-22_screenshot_20251205.png,ashley.walker@nvidia-demo.com,2025-10-24T13:23:00,2025-10-11,2026-10-11,Accepted,compliance.lead@nvidia-demo.com,2025-11-04T04:23:00,Documentation complete and current
c54269c8-4ede-4549-a965-bb59c514fda8,PL-4,379aad25-1450-4f4a-8051-11d6f4f6b15b,Sales CRM,Vendor Assessment,Third-party vendor security assessment,/evidence/sales_crm/PL-4_vendor_assessment_20251205.pdf,jennifer.walker@nvidia-demo.com,2025-08-02T11:32:00,2025-07-05,2026-07-05,Accepted,compliance.lead@nvidia-demo.com,2025-08-13T04:32:00,Evidence validated against control objectives
0fca2a67-ff11-42ae-ae24-b49266eef216,PS-1,d1399a8b-afb9-4c7e-8cf3-e12039305eaa,Security Database,Penetration Test Report,Security testing results,/evidence/security_database/PS-1_penetration_test_report_20251205.pdf,nicole.clark@nvidia-demo.com,2024-09-01T17:39:00,2024-08-11,2025-08-11,Expired,senior.auditor@nvidia-demo.com,2024-09-04T01:39:00,Requires refresh for current assessment period
791388cd-0c1d-4a1f-8b34-eaa3d9cbdb89,SC-2,30c2e586-8a39-474b-a1b9-7bf7908bfeab,Marketing Analytics Engine,Penetration Test Report,Security testing results,/evidence/marketing_analytics_engine/SC-2_penetration_test_report_20251205.pdf,michael.miller@nvidia-demo.com,2025-07-31T18:26:00,2025-07-07,2026-07-07,Pending Review,,,
72ceab51-f74e-40de-869a-897cefa75667,SC-21,368a5383-08ea-4685-8d18-e4555734d2cd,HR Warehouse,Penetration Test Report,Security testing results,/evidence/hr_warehouse/SC-21_penetration_test_report_20251205.pdf,michelle.thompson@nvidia-demo.com,2024-10-10T10:49:00,2024-09-23,2025-09-23,Expired,security.manager@nvidia-demo.com,2024-10-19T04:49:00,Requires refresh for current assessment period
94036a4c-bfac-4490-b663-f39cd10d17d6,SC-22,ee0c4aa1-a2f8-495a-9cbf-30d373ad195e,Supply Chain CRM,Screenshot,Screen capture showing control implementation,/evidence/supply_chain_crm/SC-22_screenshot_20251205.png,audit.team@nvidia-demo.com,2025-10-26T15:01:00,2025-10-10,2026-10-10,Accepted,compliance.lead@nvidia-demo.com,2025-11-10T00:01:00,Evidence meets control requirements
f47c259b-e1a2-4f72-90a9-8145b44dd563,SR-3,cb5fcd79-c7c1-4520-b934-61da025a892c,HR Application,Risk Assessment,Risk assessment documentation,/evidence/hr_application/SR-3_risk_assessment_20251205.xlsx,jessica.clark@nvidia-demo.com,2025-08-24T13:36:00,2025-08-18,2026-08-18,Accepted,grc.director@nvidia-demo.com,2025-09-07T01:36:00,Documentation complete and current
fc6b52d3-d469-447c-983a-5d948bdf4fec,SI-1,b72ee548-3bb9-476b-bb4a-704addfb47bd,Employee Analytics Engine,Audit Log,System audit log or access log,/evidence/employee_analytics_engine/SI-1_audit_log_20251205.csv,stephanie.davis@nvidia-demo.com,2025-10-18T09:23:00,2025-10-11,2026-10-11,Rejected,compliance.lead@nvidia-demo.com,2025-10-29T17:23:00,Missing required details or timestamps
03723820-8bf4-4e37-8457-4285fcb56b0c,MP-1,6ad86b83-e43c-4db4-959a-1a9e70b4736e,Partner HRIS,Change Management Ticket,Change request and approval documentation,/evidence/partner_hris/MP-1_change_management_ticket_20251205.pdf,robert.smith@nvidia-demo.com,2025-09-07T11:55:00,2025-08-22,2026-08-22,Accepted,audit.manager@nvidia-demo.com,2025-09-17T02:55:00,Evidence validated against control objectives
38edb6a2-0767-4f83-ae77-0a278f2bb913,SI-8,0a057262-509c-4828-b604-c02f0085a7bf,Financial ERP,Configuration Export,System configuration file or export,/evidence/financial_erp/SI-8_configuration_export_20251205.json,daniel.miller@nvidia-demo.com,2025-07-17T11:46:00,2025-06-28,2026-06-28,Pending Review,,,
4fb5ef6c-ce2c-4625-bfdd-33addb8bce2c,SI-3,6ad86b83-e43c-4db4-959a-1a9e70b4736e,Partner HRIS,Change Management Ticket,Change request and approval documentation,/evidence/partner_hris/SI-3_change_management_ticket_20251205.pdf,grc.team@nvidia-demo.com,2025-07-11T15:13:00,2025-06-22,2026-06-22,Accepted,security.manager@nvidia-demo.com,2025-07-13T01:13:00,Documentation complete and current
24edc87e-8ffa-4354-88c3-27aac2a4ee7d,AU-5,7e54a667-791f-4c28-aa84-f54bb484d403,Employee Dashboard,Penetration Test Report,Security testing results,/evidence/employee_dashboard/AU-5_penetration_test_report_20251205.pdf,michelle.miller@nvidia-demo.com,2025-08-26T14:33:00,2025-08-03,2026-08-03,Accepted,grc.director@nvidia-demo.com,2025-09-09T00:33:00,All required artifacts present
5e79c430-4ba7-414f-b54e-d283c58e522a,PM-4,c3d4d0eb-eb22-4191-9727-9dafc6d9b32d,Marketing ERP,Configuration Export,System configuration file or export,/evidence/marketing_erp/PM-4_configuration_export_20251205.json,it.admin@nvidia-demo.com,2025-10-17T14:57:00,2025-10-15,2026-10-15,Accepted,senior.auditor@nvidia-demo.com,2025-10-26T06:57:00,All required artifacts present
bb418908-8f1a-468e-bc96-c60d42c78366,PE-2,ae37b0c6-224c-4929-b490-017ca050e755,Legal HRIS,Risk Assessment,Risk assessment documentation,/evidence/legal_hris/PE-2_risk_assessment_20251205.xlsx,nicole.thomas@nvidia-demo.com,2025-08-07T13:43:00,2025-07-15,2026-07-15,Pending Review,,,
b6cc3478-556b-4078-9b5d-ed05c450b764,CM-8,c5d69f43-ffdd-4623-8b26-34c5af6dc0fd,Partner Application,Business Continuity Plan,BCP/DR documentation,/evidence/partner_application/CM-8_business_continuity_plan_20251205.pdf,it.admin@nvidia-demo.com,2025-11-19T17:51:00,2025-11-10,2026-11-10,Accepted,security.manager@nvidia-demo.com,2025-12-03T02:51:00,Evidence clearly demonstrates control effectiveness
4f359069-595e-4eec-bb3e-db7b02815ec3,CM-2,ae37b0c6-224c-4929-b490-017ca050e755,Legal HRIS,Business Continuity Plan,BCP/DR documentation,/evidence/legal_hris/CM-2_business_continuity_plan_20251205.pdf,nicole.thomas@nvidia-demo.com,2025-10-03T13:14:00,2025-10-03,2026-10-03,Rejected,senior.auditor@nvidia-demo.com,2025-10-14T04:14:00,Evidence does not cover full assessment period
edb1b714-3b8f-4f26-a54f-9c181a05ea89,PM-10,c3fb88ca-874a-4876-8f59-7eb35752c832,HR Dashboard,Risk Assessment,Risk assessment documentation,/evidence/hr_dashboard/PM-10_risk_assessment_20251205.xlsx,thomas.garcia@nvidia-demo.com,2025-09-09T09:54:00,2025-09-04,2026-09-04,Accepted,security.manager@nvidia-demo.com,2025-09-17T19:54:00,All required artifacts present
175ede30-d8db-42b4-a657-184301268844,MA-4,c3fb88ca-874a-4876-8f59-7eb35752c832,HR Dashboard,Risk Assessment,Risk assessment documentation,/evidence/hr_dashboard/MA-4_risk_assessment_20251205.xlsx,thomas.garcia@nvidia-demo.com,2025-07-03T08:29:00,2025-06-16,2026-06-16,Accepted,senior.auditor@nvidia-demo.com,2025-07-08T22:29:00,Evidence meets control requirements
43224fee-c9cb-4c63-8a03-0ff63cb37015,SA-11,21f3b876-c37e-421e-8c20-68ad6e764bde,Supply Chain Application,Training Records,Employee training completion records,/evidence/supply_chain_application/SA-11_training_records_20251205.xlsx,security.ops@nvidia-demo.com,2025-08-12T08:55:00,2025-07-22,2026-07-22,Pending Review,,,
7f134c04-976a-4bba-8e53-c2f0f150ec75,SR-1,80524a38-6d27-495d-9f01-7363cf9583a8,Supply Chain Dashboard,Incident Report,Security incident documentation,/evidence/supply_chain_dashboard/SR-1_incident_report_20251205.pdf,jessica.clark@nvidia-demo.com,2025-12-10T12:31:00,2025-12-02,2026-12-02,Pending Review,,,
f6bc6af1-be01-4aba-bbaf-077d7238e7cc,PE-14,c5be7264-f015-46c3-89de-125a5991e0b3,Analytics Integration Hub,Risk Assessment,Risk assessment documentation,/evidence/analytics_integration_hub/PE-14_risk_assessment_20251205.xlsx,christopher.walker@nvidia-demo.com,2024-09-12T16:23:00,2024-08-23,2025-08-23,Expired,audit.manager@nvidia-demo.com,2024-09-16T02:23:00,Requires refresh for current assessment period
bd60b7da-336d-4eb1-85cf-c305ce360a17,PE-4,faef293a-1395-4a03-b4c4-fc7d3fa45ac7,Marketing Portal,Encryption Certificate,Certificate or key management documentation,/evidence/marketing_portal/PE-4_encryption_certificate_20251205.pem,michael.clark@nvidia-demo.com,2025-11-14T10:38:00,2025-10-15,2026-10-15,Accepted,grc.director@nvidia-demo.com,2025-11-19T21:38:00,Evidence clearly demonstrates control effectiveness
9df16f7e-9e5c-4268-8d9b-1cb7ef6c0e83,SC-21,c5d69f43-ffdd-4623-8b26-34c5af6dc0fd,Partner Application,Access Review Report,Periodic access review documentation,/evidence/partner_application/SC-21_access_review_report_20251205.xlsx,ashley.walker@nvidia-demo.com,2025-11-29T17:21:00,2025-10-30,2026-10-30,Pending Review,,,
b2d0a37e-7a4f-42db-b01a-a4e09680b8ea,CM-7,bc2af3a9-9a8b-478a-bc25-dc9140bf39a7,Customer ERP,Configuration Export,System configuration file or export,/evidence/customer_erp/CM-7_configuration_export_20251205.json,william.white@nvidia-demo.com,2025-12-29T08:06:00,2025-12-01,2026-12-01,Accepted,audit.manager@nvidia-demo.com,2026-01-01T01:06:00,Documentation complete and current
aec1da51-f4cc-4208-a61b-7980fb0f342c,IA-12,c5be7264-f015-46c3-89de-125a5991e0b3,Analytics Integration Hub,Policy Document,Formal policy or procedure document,/evidence/analytics_integration_hub/IA-12_policy_document_20251205.pdf,risk.mgmt@nvidia-demo.com,2025-07-02T15:23:00,2025-06-20,2026-06-20,Accepted,compliance.lead@nvidia-demo.com,2025-07-03T23:23:00,Documentation complete and current
31b8aefb-a147-47b9-a116-93244d0679bc,IA-4,9a0a2181-bb32-408a-b776-a5abba0b3ec6,Sales Portal,Vendor Assessment,Third-party vendor security assessment,/evidence/sales_portal/IA-4_vendor_assessment_20251205.pdf,ashley.robinson@nvidia-demo.com,2025-11-29T12:29:00,2025-11-01,2026-11-01,Accepted,audit.manager@nvidia-demo.com,2025-12-03T00:29:00,Evidence meets control requirements
940808d9-2ad3-4dde-aa6c-57449940764d,PE-16,80524a38-6d27-495d-9f01-7363cf9583a8,Supply Chain Dashboard,Screenshot,Screen capture showing control implementation,/evidence/supply_chain_dashboard/PE-16_screenshot_20251205.png,jessica.clark@nvidia-demo.com,2025-11-22T13:15:00,2025-11-22,2026-11-22,Accepted,compliance.lead@nvidia-demo.com,2025-12-04T07:15:00,Documentation complete and current
3e1da7aa-fca8-4bf7-acbd-fb5c53715a87,PM-2,21f3b876-c37e-421e-8c20-68ad6e764bde,Supply Chain Application,Risk Assessment,Risk assessment documentation,/evidence/supply_chain_application/PM-2_risk_assessment_20251205.xlsx,audit.team@nvidia-demo.com,2025-08-29T18:37:00,2025-08-01,2026-08-01,Accepted,senior.auditor@nvidia-demo.com,2025-09-04T03:37:00,Evidence validated against control objectives
b8aafe32-c8ac-4a3d-baa3-2e8bcadbd983,AU-6,ab3f8dfe-b4de-40c1-a6f2-02f2ccc808a5,Customer Integration Hub,Audit Log,System audit log or access log,/evidence/customer_integration_hub/AU-6_audit_log_20251205.csv,michelle.lewis@nvidia-demo.com,2025-07-22T14:23:00,2025-07-01,2026-07-01,Pending Review,,,
ea5aa107-9c79-4209-b923-fe742430ee6b,CA-7,ee0c4aa1-a2f8-495a-9cbf-30d373ad195e,Supply Chain CRM,Access Review Report,Periodic access review documentation,/evidence/supply_chain_crm/CA-7_access_review_report_20251205.xlsx,grc.team@nvidia-demo.com,2025-10-08T16:30:00,2025-09-08,2026-09-08,Accepted,grc.director@nvidia-demo.com,2025-10-18T03:30:00,Evidence validated against control objectives
df798bfe-b15d-4d4a-8b73-09b72d79b0cc,SI-3,b8bf9e72-6bb0-44d2-81fd-1bb862602359,Partner SCM,Risk Assessment,Risk assessment documentation,/evidence/partner_scm/SI-3_risk_assessment_20251205.xlsx,risk.mgmt@nvidia-demo.com,2025-09-13T08:58:00,2025-09-03,2026-09-03,Pending Review,,,
0c883bd9-9c4c-4eb6-aee5-ba43a2857ef2,CM-11,78460fd6-1df2-4bea-a9db-1e1c4546166f,Financial HRIS,Risk Assessment,Risk assessment documentation,/evidence/financial_hris/CM-11_risk_assessment_20251205.xlsx,william.johnson@nvidia-demo.com,2025-11-05T12:39:00,2025-10-12,2026-10-12,Rejected,security.manager@nvidia-demo.com,2025-11-13T05:39:00,Evidence does not cover full assessment period
bc372342-641a-4029-a7fd-90febc86e2ba,MA-2,78460fd6-1df2-4bea-a9db-1e1c4546166f,Financial HRIS,Access Review Report,Periodic access review documentation,/evidence/financial_hris/MA-2_access_review_report_20251205.xlsx,william.johnson@nvidia-demo.com,2025-07-24T14:18:00,2025-07-22,2026-07-22,Pending Review,,,
